--
-- PostgreSQL database cluster dump
--

\restrict WxjCtZlFRQ8gUg61FHeRnxhdS0Hgy9uSomoor4oaVKirAc6LtpaT2p7erlx8ZcJ

SET default_transaction_read_only = off;

SET client_encoding = 'UTF8';
SET standard_conforming_strings = on;

--
-- Roles
--

CREATE ROLE postgres;
ALTER ROLE postgres WITH SUPERUSER INHERIT CREATEROLE CREATEDB LOGIN REPLICATION BYPASSRLS PASSWORD 'SCRAM-SHA-256$4096:p+A3Q0OCnYa5w8XQnX8xcA==$lz54LE8frKUaRUeSawms2XT6D/C2N4gbXxALpnDOM4Q=:zs+V5j64D3E9qEAb1S3z1HFvEKgY44rCpH7yPHRmgfI=';

--
-- User Configurations
--








\unrestrict WxjCtZlFRQ8gUg61FHeRnxhdS0Hgy9uSomoor4oaVKirAc6LtpaT2p7erlx8ZcJ

--
-- Databases
--

--
-- Database "template1" dump
--

\connect template1

--
-- PostgreSQL database dump
--

\restrict 6tq1HF8HnZCbn8wTOc2np7wwLoHndyFZgWcVDyda9vebu5JiTdDbaWHI3jrz2Ve

-- Dumped from database version 15.14 (Debian 15.14-1.pgdg13+1)
-- Dumped by pg_dump version 17.6 (Ubuntu 17.6-0ubuntu0.25.04.1)

SET statement_timeout = 0;
SET lock_timeout = 0;
SET idle_in_transaction_session_timeout = 0;
SET transaction_timeout = 0;
SET client_encoding = 'UTF8';
SET standard_conforming_strings = on;
SELECT pg_catalog.set_config('search_path', '', false);
SET check_function_bodies = false;
SET xmloption = content;
SET client_min_messages = warning;
SET row_security = off;

--
-- PostgreSQL database dump complete
--

\unrestrict 6tq1HF8HnZCbn8wTOc2np7wwLoHndyFZgWcVDyda9vebu5JiTdDbaWHI3jrz2Ve

--
-- Database "postgres" dump
--

\connect postgres

--
-- PostgreSQL database dump
--

\restrict kZPi09CpOKSkRlsrVdIwrayu5cacQ3AC5UPMN0z9Y0fsTooqgmvt1A8BRWhcFK5

-- Dumped from database version 15.14 (Debian 15.14-1.pgdg13+1)
-- Dumped by pg_dump version 17.6 (Ubuntu 17.6-0ubuntu0.25.04.1)

SET statement_timeout = 0;
SET lock_timeout = 0;
SET idle_in_transaction_session_timeout = 0;
SET transaction_timeout = 0;
SET client_encoding = 'UTF8';
SET standard_conforming_strings = on;
SELECT pg_catalog.set_config('search_path', '', false);
SET check_function_bodies = false;
SET xmloption = content;
SET client_min_messages = warning;
SET row_security = off;

--
-- PostgreSQL database dump complete
--

\unrestrict kZPi09CpOKSkRlsrVdIwrayu5cacQ3AC5UPMN0z9Y0fsTooqgmvt1A8BRWhcFK5

--
-- Database "sector-form-admin" dump
--

--
-- PostgreSQL database dump
--

\restrict Jx3ZARJEI1lcOLxEgkduTkeLel6rm6Ik6kKbGwzB2l2AdxxkG38IQ9ek8LsLBLq

-- Dumped from database version 15.14 (Debian 15.14-1.pgdg13+1)
-- Dumped by pg_dump version 17.6 (Ubuntu 17.6-0ubuntu0.25.04.1)

SET statement_timeout = 0;
SET lock_timeout = 0;
SET idle_in_transaction_session_timeout = 0;
SET transaction_timeout = 0;
SET client_encoding = 'UTF8';
SET standard_conforming_strings = on;
SELECT pg_catalog.set_config('search_path', '', false);
SET check_function_bodies = false;
SET xmloption = content;
SET client_min_messages = warning;
SET row_security = off;

--
-- Name: sector-form-admin; Type: DATABASE; Schema: -; Owner: postgres
--

CREATE DATABASE "sector-form-admin" WITH TEMPLATE = template0 ENCODING = 'UTF8' LOCALE_PROVIDER = libc LOCALE = 'en_US.utf8';


ALTER DATABASE "sector-form-admin" OWNER TO postgres;

\unrestrict Jx3ZARJEI1lcOLxEgkduTkeLel6rm6Ik6kKbGwzB2l2AdxxkG38IQ9ek8LsLBLq
\encoding SQL_ASCII
\connect -reuse-previous=on "dbname='sector-form-admin'"
\restrict Jx3ZARJEI1lcOLxEgkduTkeLel6rm6Ik6kKbGwzB2l2AdxxkG38IQ9ek8LsLBLq

SET statement_timeout = 0;
SET lock_timeout = 0;
SET idle_in_transaction_session_timeout = 0;
SET transaction_timeout = 0;
SET client_encoding = 'UTF8';
SET standard_conforming_strings = on;
SELECT pg_catalog.set_config('search_path', '', false);
SET check_function_bodies = false;
SET xmloption = content;
SET client_min_messages = warning;
SET row_security = off;

SET default_tablespace = '';

SET default_table_access_method = heap;

--
-- Name: sector_category; Type: TABLE; Schema: public; Owner: postgres
--

CREATE TABLE public.sector_category (
    id bigint NOT NULL,
    name character varying(255)
);


ALTER TABLE public.sector_category OWNER TO postgres;

--
-- Name: sector_category_id_seq; Type: SEQUENCE; Schema: public; Owner: postgres
--

ALTER TABLE public.sector_category ALTER COLUMN id ADD GENERATED BY DEFAULT AS IDENTITY (
    SEQUENCE NAME public.sector_category_id_seq
    START WITH 1
    INCREMENT BY 1
    NO MINVALUE
    NO MAXVALUE
    CACHE 1
);


--
-- Name: sector_subcategory; Type: TABLE; Schema: public; Owner: postgres
--

CREATE TABLE public.sector_subcategory (
    id bigint NOT NULL,
    name character varying(255),
    category_id bigint
);


ALTER TABLE public.sector_subcategory OWNER TO postgres;

--
-- Name: sector_subcategory_id_seq; Type: SEQUENCE; Schema: public; Owner: postgres
--

ALTER TABLE public.sector_subcategory ALTER COLUMN id ADD GENERATED BY DEFAULT AS IDENTITY (
    SEQUENCE NAME public.sector_subcategory_id_seq
    START WITH 1
    INCREMENT BY 1
    NO MINVALUE
    NO MAXVALUE
    CACHE 1
);


--
-- Name: user_subcategories; Type: TABLE; Schema: public; Owner: postgres
--

CREATE TABLE public.user_subcategories (
    user_id bigint NOT NULL,
    subcategory_id bigint NOT NULL
);


ALTER TABLE public.user_subcategories OWNER TO postgres;

--
-- Name: users; Type: TABLE; Schema: public; Owner: postgres
--

CREATE TABLE public.users (
    id bigint NOT NULL,
    agreed_to_terms boolean NOT NULL,
    name character varying(255)
);


ALTER TABLE public.users OWNER TO postgres;

--
-- Name: users_id_seq; Type: SEQUENCE; Schema: public; Owner: postgres
--

ALTER TABLE public.users ALTER COLUMN id ADD GENERATED BY DEFAULT AS IDENTITY (
    SEQUENCE NAME public.users_id_seq
    START WITH 1
    INCREMENT BY 1
    NO MINVALUE
    NO MAXVALUE
    CACHE 1
);


--
-- Data for Name: sector_category; Type: TABLE DATA; Schema: public; Owner: postgres
--

COPY public.sector_category (id, name) FROM stdin;
1	Manufacturing
2	Food and Beverage
3	Furniture
4	Machinery
5	Metalworking
6	Plastic and Rubber
7	Printing
8	Textile and Clothing
9	Wood
10	Other
11	Service
12	Engineering
\.


--
-- Data for Name: sector_subcategory; Type: TABLE DATA; Schema: public; Owner: postgres
--

COPY public.sector_subcategory (id, name, category_id) FROM stdin;
1	Construction materials	1
2	Electronics and Optics	1
3	Bakery & confectionery products	2
4	Beverages	2
5	Fish & fish products	2
6	Meat & meat products	2
7	Milk & dairy products	2
8	Sweets & snack food	2
9	Bathroom/sauna	3
10	Bedroom	3
11	Children’s room	3
12	Kitchen	3
13	Living room	3
14	Office	3
15	Other (Furniture)	3
16	Outdoor	3
17	Project furniture	3
18	Machinery components	4
19	Machinery equipment/tools	4
20	Manufacture of machinery	4
21	Construction of metal structures	5
22	Houses and buildings	5
23	Metal products	5
24	Metal works	5
25	CNC-machining	5
26	Forgings, Fasteners	5
27	Gas, Plasma, Laser cutting	5
28	MIG, TIG, Aluminum welding	5
29	Packaging	6
30	Plastic goods	6
31	Plastic processing technology	6
32	Blowing	6
33	Moulding	6
34	Plastics welding and processing	6
35	Plastic profiles	6
36	Advertising	7
37	Book/Periodicals printing	7
38	Labelling and packaging printing	7
39	Clothing	8
40	Textile	8
41	Other (Wood)	9
42	Wooden building materials	9
43	Wooden houses	9
44	Creative industries	10
45	Business services	11
46	Information Technology and Telecommunications	11
47	Data processing, Web portals, E-marketing	11
48	Programming, Consultancy	11
49	Software, Hardware	11
50	Telecommunications	11
51	Tourism	11
52	Translation services	11
53	Transport and Logistics	11
54	Engineering	12
\.


--
-- Data for Name: user_subcategories; Type: TABLE DATA; Schema: public; Owner: postgres
--

COPY public.user_subcategories (user_id, subcategory_id) FROM stdin;
1	1
1	5
1	7
2	2
2	4
3	2
3	5
3	6
4	1
4	8
4	13
\.


--
-- Data for Name: users; Type: TABLE DATA; Schema: public; Owner: postgres
--

COPY public.users (id, agreed_to_terms, name) FROM stdin;
1	t	MANAGER
2	t	Teine Mees kolmas
3	t	MANAGER
4	t	MANAGER
\.


--
-- Name: sector_category_id_seq; Type: SEQUENCE SET; Schema: public; Owner: postgres
--

SELECT pg_catalog.setval('public.sector_category_id_seq', 12, true);


--
-- Name: sector_subcategory_id_seq; Type: SEQUENCE SET; Schema: public; Owner: postgres
--

SELECT pg_catalog.setval('public.sector_subcategory_id_seq', 54, true);


--
-- Name: users_id_seq; Type: SEQUENCE SET; Schema: public; Owner: postgres
--

SELECT pg_catalog.setval('public.users_id_seq', 4, true);


--
-- Name: sector_category sector_category_pkey; Type: CONSTRAINT; Schema: public; Owner: postgres
--

ALTER TABLE ONLY public.sector_category
    ADD CONSTRAINT sector_category_pkey PRIMARY KEY (id);


--
-- Name: sector_subcategory sector_subcategory_pkey; Type: CONSTRAINT; Schema: public; Owner: postgres
--

ALTER TABLE ONLY public.sector_subcategory
    ADD CONSTRAINT sector_subcategory_pkey PRIMARY KEY (id);


--
-- Name: users users_pkey; Type: CONSTRAINT; Schema: public; Owner: postgres
--

ALTER TABLE ONLY public.users
    ADD CONSTRAINT users_pkey PRIMARY KEY (id);


--
-- Name: sector_subcategory fkbc3ecpcmk2y09mm3aec6ipgwd; Type: FK CONSTRAINT; Schema: public; Owner: postgres
--

ALTER TABLE ONLY public.sector_subcategory
    ADD CONSTRAINT fkbc3ecpcmk2y09mm3aec6ipgwd FOREIGN KEY (category_id) REFERENCES public.sector_category(id);


--
-- Name: user_subcategories fkgap93orxqgjwe1i8ukdl0vxhf; Type: FK CONSTRAINT; Schema: public; Owner: postgres
--

ALTER TABLE ONLY public.user_subcategories
    ADD CONSTRAINT fkgap93orxqgjwe1i8ukdl0vxhf FOREIGN KEY (subcategory_id) REFERENCES public.sector_subcategory(id);


--
-- Name: user_subcategories fkkoamn4isjufq8ovgktv5ny92s; Type: FK CONSTRAINT; Schema: public; Owner: postgres
--

ALTER TABLE ONLY public.user_subcategories
    ADD CONSTRAINT fkkoamn4isjufq8ovgktv5ny92s FOREIGN KEY (user_id) REFERENCES public.users(id);


--
-- PostgreSQL database dump complete
--

\unrestrict Jx3ZARJEI1lcOLxEgkduTkeLel6rm6Ik6kKbGwzB2l2AdxxkG38IQ9ek8LsLBLq

--
-- PostgreSQL database cluster dump complete
--

